<?xml version="1.0" encoding="utf-8" ?>
<dwsync>
<file name="Cosmos_Cosmic_Adventure.jpg" server="home.comcast.net" local="130051345558582669" remote="130124800200000000" Dst="2" />
<file name="DF2_JediKnight.jpg" server="home.comcast.net" local="130051345563723267" remote="130124800200000000" Dst="2" />
<file name="Dark_Forces_box_cover.jpg" server="home.comcast.net" local="130051345612099393" remote="130124800200000000" Dst="2" />
<file name="Diablo.jpg" server="home.comcast.net" local="130051345614219664" remote="130124800200000000" Dst="2" />
<file name="Doom.jpg" server="home.comcast.net" local="130051345621860638" remote="130124800200000000" Dst="2" />
<file name="Doom2.jpg" server="home.comcast.net" local="130051345660655542" remote="130124800200000000" Dst="2" />
<file name="Duck_Hunt.jpg" server="home.comcast.net" local="130051345660675553" remote="130124800200000000" Dst="2" />
<file name="Duke_Nukem.jpg" server="home.comcast.net" local="130051345668296509" remote="130124800200000000" Dst="2" />
<file name="Heretic.jpg" server="home.comcast.net" local="130051345715352542" remote="130124800200000000" Dst="2" />
<file name="Half_Life.jpg" server="home.comcast.net" local="130051345732074661" remote="130124800200000000" Dst="2" />
<file name="Hexen.jpg" server="home.comcast.net" local="130051345741085802" remote="130124800200000000" Dst="2" />
<file name="Quake1.jpg" server="home.comcast.net" local="130051345781930977" remote="130124800200000000" Dst="2" />
<file name="Quake2.jpg" server="home.comcast.net" local="130051345789481935" remote="130124800200000000" Dst="2" />
<file name="Reader_Rabbit.jpg" server="home.comcast.net" local="130051345822826113" remote="130124800200000000" Dst="2" />
<file name="Rune.jpg" server="home.comcast.net" local="130051345826796669" remote="130124800200000000" Dst="2" />
<file name="Starfox_64.jpg" server="home.comcast.net" local="130051345879003239" remote="130124800200000000" Dst="2" />
<file name="Starfox.jpg" server="home.comcast.net" local="130051345879023237" remote="130124800200000000" Dst="2" />
<file name="Shadow_Man.jpg" server="home.comcast.net" local="130051345914947781" remote="130124800200000000" Dst="2" />
<file name="Super_Mario_Bros_3.jpg" server="home.comcast.net" local="130051346151547832" remote="130116857400000000" Dst="2" />
<file name="TMNT_TIT.jpg" server="home.comcast.net" local="130051345948802128" remote="130124800200000000" Dst="2" />
<file name="WCPrivateer.jpg" server="home.comcast.net" local="130051345948822092" remote="130124800200000000" Dst="2" />
<file name="catacomb_abyss.jpg" server="home.comcast.net" local="130051345956913109" remote="130124800200000000" Dst="2" />
<file name="duck_hunt_dog.jpg" server="home.comcast.net" local="130051345997568259" remote="130116857400000000" Dst="2" />
<file name="duke_nukem_3d.jpg" server="home.comcast.net" local="130051346001548760" remote="130124800200000000" Dst="2" />
<file name="pitfall.jpg" server="home.comcast.net" local="130051346047854637" remote="130124800200000000" Dst="2" />
<file name="seven_kingdoms_2.jpg" server="home.comcast.net" local="130051346047864638" remote="130124800200000000" Dst="2" />
<file name="spy_vs_spy.jpg" server="home.comcast.net" local="130051346074057942" remote="130124800200000000" Dst="2" />
<file name="super_mario_bros_1.jpg" server="home.comcast.net" local="130051346074077960" remote="130124800200000000" Dst="2" />
<file name="starcraft.jpg" server="home.comcast.net" local="130051346080238730" remote="130124800200000000" Dst="2" />
<file name="super_mario_bros_2.jpg" server="home.comcast.net" local="130051346114143028" remote="130124800200000000" Dst="2" />
<file name="zork1.jpg" server="home.comcast.net" local="130051346151527824" remote="130124800200000000" Dst="2" />
<file name="super_mario_bros_3.jpg" server="home.comcast.net" local="130051346151547832" remote="129767796000000000" Dst="1" />
<file name="wolfenstein_3d.jpg" server="home.comcast.net" local="130051346191222858" remote="130124800200000000" Dst="2" />
<file name="starfox.jpg" server="home.comcast.net" local="130051345879023237" remote="130116857400000000" Dst="2" />
</dwsync>