<?xml version="1.0" encoding="utf-8" ?>
<dwsync>
<file name="Cosmos_Cosmic_Adventure.jpg" server="home.comcast.net" local="130051344278870399" remote="130116857400000000" Dst="2" />
<file name="DF2_JediKnight.jpg" server="home.comcast.net" local="130051344278890403" remote="130116857400000000" Dst="2" />
<file name="Dark_Forces_box_cover.jpg" server="home.comcast.net" local="130051344288341648" remote="130116857400000000" Dst="2" />
<file name="Diablo.png" server="home.comcast.net" local="130051344319525549" remote="130116857400000000" Dst="2" />
<file name="Doom.gif" server="home.comcast.net" local="130051344349169296" remote="130116857400000000" Dst="2" />
<file name="Doom2.png" server="home.comcast.net" local="130051344349189311" remote="130116857400000000" Dst="2" />
<file name="Duck_Hunt.jpg" server="home.comcast.net" local="130051344356520233" remote="130116857400000000" Dst="2" />
<file name="Duke_Nukem.gif" server="home.comcast.net" local="130051344387834203" remote="130116857400000000" Dst="2" />
<file name="Hexen.png" server="home.comcast.net" local="130051344425278950" remote="130116857400000000" Dst="2" />
<file name="Half_Life.jpg" server="home.comcast.net" local="130051344425298955" remote="130116857400000000" Dst="2" />
<file name="Heretic.png" server="home.comcast.net" local="130051344432989932" remote="130116857400000000" Dst="2" />
<file name="Pitfall.png" server="home.comcast.net" local="130051344478055642" remote="130116857400000000" Dst="2" />
<file name="Quake1.jpg" server="home.comcast.net" local="130051344485066529" remote="130116857400000000" Dst="2" />
<file name="Reader_Rabbit.jpg" server="home.comcast.net" local="130051344531402400" remote="130116857400000000" Dst="2" />
<file name="Quake2.jpg" server="home.comcast.net" local="130051344538303274" remote="130116857400000000" Dst="2" />
<file name="Rune.jpg" server="home.comcast.net" local="130051344570427355" remote="130116857400000000" Dst="2" />
<file name="Shadow_Man.jpg" server="home.comcast.net" local="130051344570457356" remote="130116857400000000" Dst="2" />
<file name="Starfox.jpg" server="home.comcast.net" local="130051344579738520" remote="130116857400000000" Dst="2" />
<file name="Starfox_64.jpg" server="home.comcast.net" local="130051344624124147" remote="130116857400000000" Dst="2" />
<file name="Super_Mario_Bros_3.png" server="home.comcast.net" local="130051344654798032" remote="130116857400000000" Dst="2" />
<file name="TMNT_TIT.jpg" server="home.comcast.net" local="130051344654828047" remote="130116857400000000" Dst="2" />
<file name="WCPrivateer.jpg" server="home.comcast.net" local="130051344688722404" remote="130116857400000000" Dst="2" />
<file name="catacomb_abyss.gif" server="home.comcast.net" local="130051344688732343" remote="130116857400000000" Dst="2" />
<file name="duck_hunt_dog.gif" server="home.comcast.net" local="130051344697423445" remote="130116857400000000" Dst="2" />
<file name="entry.gif" server="home.comcast.net" local="130051344761101516" remote="130116857400000000" Dst="2" />
<file name="left_arrow_hover.jpg" server="home.comcast.net" local="130051344784854581" remote="130124800200000000" Dst="2" />
<file name="duke_nukem_3d.png" server="home.comcast.net" local="130051344800856560" remote="130116857400000000" Dst="2" />
<file name="left_arrow_hover2.jpg" server="home.comcast.net" local="130051344800886565" remote="130116857400000000" Dst="2" />
<file name="left_arrow_normal.jpg" server="home.comcast.net" local="130051344827780025" remote="130116857400000000" Dst="2" />
<file name="left_arrow_normal2.jpg" server="home.comcast.net" local="130051344827819980" remote="130116857400000000" Dst="2" />
<file name="right_arrow_hover.jpg" server="home.comcast.net" local="130051344834460869" remote="130124800200000000" Dst="2" />
<file name="right_arrow_hover2.jpg" server="home.comcast.net" local="130051344867444989" remote="130116857400000000" Dst="2" />
<file name="right_arrow_normal.jpg" server="home.comcast.net" local="130051344868875201" remote="130116857400000000" Dst="2" />
<file name="right_arrow_normal2.jpg" server="home.comcast.net" local="130051344923042047" remote="130116857400000000" Dst="2" />
<file name="seven_kingdoms_2.jpg" server="home.comcast.net" local="130051344923072052" remote="130116857400000000" Dst="2" />
<file name="spy_vs_spy.png" server="home.comcast.net" local="130051344964237263" remote="130116857400000000" Dst="2" />
<file name="starcraft.jpg" server="home.comcast.net" local="130051344964267271" remote="130116857400000000" Dst="2" />
<file name="super_mario_bros_2.jpg" server="home.comcast.net" local="130051344995241184" remote="130116857400000000" Dst="2" />
<file name="super_mario_bros_1.jpg" server="home.comcast.net" local="130051345000621874" remote="130116857400000000" Dst="2" />
<file name="wolfenstein_3d.gif" server="home.comcast.net" local="130051346191232862" remote="130116857400000000" Dst="2" />
<file name="zork1.jpg" server="home.comcast.net" local="130051346195913403" remote="130116857400000000" Dst="2" />
</dwsync>