<?xml version="1.0" encoding="utf-8" ?>
<dwsync>
<file name="1112777.html" server="home.comcast.net" local="130051346593573794" remote="129767796000000000" Dst="1" />
<file name="1112777.css" server="home.comcast.net" local="130051346593593799" remote="129767796000000000" Dst="1" />
<file name="games.xml" server="home.comcast.net" local="130051346786378276" remote="129767796000000000" Dst="1" />
<file name="arrow.ai" server="home.comcast.net" local="130051346786428231" remote="129767796000000000" Dst="1" />
<file name="shall.html" server="home.comcast.net" local="130051346970391537" remote="129767796000000000" Dst="1" />
<file name="shall.fla" server="home.comcast.net" local="130051346986983645" remote="129767796000000000" Dst="1" />
<file name="shall.swf" server="home.comcast.net" local="130116733728519211" remote="130124800200000000" Dst="2" />
<file name="test.css" server="home.comcast.net" local="130051347043130759" remote="129767796000000000" Dst="1" />
<file name="test.html" server="home.comcast.net" local="130051347043170765" remote="129767796000000000" Dst="1" />
<file name="stuff.txt" server="home.comcast.net" local="130116613448468365" remote="130116857400000000" Dst="2" />
<file name="shallwe.fla" server="home.comcast.net" local="130116739186290775" remote="130124800200000000" Dst="2" />
<file name="shall.mp4" server="home.comcast.net" local="130116710311712960" remote="130116878400000000" Dst="2" />
<file name="shall.mov" server="home.comcast.net" local="130116708768887592" remote="130116878400000000" Dst="2" />
<file name="textLayout_2.0.0.232.swz" server="home.comcast.net" local="129776123960000000" remote="130124800200000000" Dst="2" />
</dwsync>